USE HomeRentals;

INSERT INTO UserAccount (Email, PasswordHash) VALUES
-- password: alice123
('alice@example.com', '$argon2id$v=19$m=65536,t=3,p=4$iF3lCPZBIFJHT4tVn5Yz3g$rJb1rl/suzDVeG0lpHw+tojmRiJHzLDdtBE/GM2L7Us'),
-- password: bob123
('bob@example.com', '$argon2id$v=19$m=65536,t=3,p=4$r6iszVqXFfA2Idd9zeCe/g$qt3uC1t5oaSiiJkKE2+t7yVqo40y0T4H5grg+gdlZjo'),
-- password: carol123
('carol@example.com', '$argon2id$v=19$m=65536,t=3,p=4$KMNIFqWNwlwAhm8/MfVDXQ$/4gNW/toVI0DdQ9Kb3tY7hX6mfSl1vfnjDoPzRUdx84'),
-- password: test123
('test.testerson@example.com', '$argon2id$v=19$m=65536,t=3,p=4$PzqPZKSkWFI3WfPZZxwDvg$h3kXj5bZx3VkZZm99SjV6h7DfNZ7GFk98J9SZ9h9WdP'),
-- password: charlie123
('charlie@example.com', '$argon2id$v=19$m=65536,t=3,p=4$AFeFLgCBcb7hSZKr6CcvvQ$utzt36ugME8UeX0ODwlRWreyadLUJnmkWMaOVpNIfG4'),
-- password: diana456
('diana@example.com', '$argon2id$v=19$m=65536,t=3,p=4$fcdLjjxg7Vyy9BIRj0tpwA$NkvT56TsXqAbXcjj2tb/Xie7CIoF07qTA5IgvBB31Gg'),
-- password: emmapass123
('emma@example.com', '$argon2id$v=19$m=65536,t=3,p=4$Psq8sLrssz9Jqupgz6qibQ$ehaPd7jTwGHH/87Jmb+vhVOM5pfjCz50nDTBK2Oduw4'),
-- password: frankthetank
('frank@example.com', '$argon2id$v=19$m=65536,t=3,p=4$4vTDCXOOjaPP7HDF0cdR+g$ms2LpF0pXTrLNpzoR5xEsMf1xZ7O7ZIJS/TozlJi9jg'),
-- password: grace777
('grace@example.com', '$argon2id$v=19$m=65536,t=3,p=4$b4V45zguYg2KQwRrg1ypiA$ej6NW2K8bmHYdZY42WGgskkCDhXk5PFxgnx7gUEmS0I'),
-- password: henryford999
('henry@example.com', '$argon2id$v=19$m=65536,t=3,p=4$PQBDWupWMYX3y9bDrid1dg$BHGZwsMq+sSI+liN3A3U8LmWGKONnVfSU9Vj3/rY7X4');

INSERT INTO User (Email, ExternalID, FirstName, LastName, PhoneNumber, HomeAddress, PostalCode, Lives, Languages, Age, FunFact) VALUES
('alice@example.com', 1, 'Alice', 'Smith', '1234567890', '123 Main St, City', '10001','Oslo, Norway', 'Norwegian, English, Spanish', '40s', 'Loves Smash', NULL),
('bob@example.com', 2, 'Bob', 'Johnson', '0987654321', '456 Elm St, City', '10002','Hønefoss, Norway', 'Norwegian, English', '25', 'Plays music', NULL),
('carol@example.com', 3, 'Carol', 'Williams', '1112223333', '789 Oak St, City', '10003', NULL, NULL, NULL, NULL, NULL),
('test.testerson@example.com', 4, 'Test', 'Testerson', '1231231234', '456 Maple St, City', '10004', NULL, NULL, NULL, NULL, NULL),
('charlie@example.com', 5, 'Charlie', 'Brown', '222334455', '789 Oak St, City', '10003', NULL, NULL, NULL, NULL, NULL),
('diana@example.com', 6, 'Diana', 'Prince', '333445566', '101 Pine St, City', '10004', NULL, NULL, NULL, NULL, NULL),
('emma@example.com', 7, 'Emma', 'Watson', '444556677', '202 Maple St, City', '10005', NULL, NULL, NULL, NULL, NULL),
('frank@example.com', 8, 'Frank', 'Castle', '555667788', '303 Birch St, City', '10006', NULL, NULL, NULL, NULL, NULL),
('grace@example.com', 9, 'Grace', 'Kelly', '666778899', '404 Cedar St, City', '10007', NULL, NULL, NULL, NULL, NULL),
('henry@example.com', 10, 'Henry', 'Ford', '777889900', '505 Walnut St, City', '10008', NULL, NULL, NULL, NULL, NULL);

INSERT INTO Session (Token, Email, ExpiryTime) VALUES
(UNHEX('4D79536563726574546F6B656E4F6E65'), 'alice@example.com', '2025-12-31 23:59:59'),
(UNHEX('4D79536563726574546F6B656E54776F'), 'bob@example.com', '2025-12-31 23:59:59');

INSERT INTO ResetLink (Token, Email, ExpiryTime) VALUES
('abcd1234', 'alice@example.com', '2025-12-31 23:59:59'),
('efgh5678', 'bob@example.com', '2025-12-31 23:59:59');

INSERT INTO PropertyListing (PropertyListingID,Email, Address, PostalCode, Description, Price, Bedrooms, Beds, Bathrooms, SquareMeters, ParkingSpots, Kitchens, RegistrationDate) VALUES
(1, 'alice@example.com', 'Alvheimveien 12, Oslo', '0198', 'Mini house by the beach. Just 15 minutes away from downtown Oslo.', 2200, 1, 2, 1, 100, 2, 1,'2024-04-19'),
(2, 'alice@example.com', 'Colletts gate 44, Oslo', '0169', 'A cozy apartment located very sentraly in Oslo.', 609, 1, 2, 1, 80, 1, 1,'2025-03-26'),
(3, 'bob@example.com', 'Gimle Terrasse 4, Oslo', '0264', 'Bright and peacfull apartment in a central location, with good public transportation access.', 950, 1, 2, 1, 60, 1, 1,'2018-08-12'),
(4, 'bob@example.com', 'Solveien 10, Bergen', '5126', 'An apartment with a great view fo the city. Far enough away to be shealded for the sound of downtown.', 2180, 2, 6, 1, 140, 3, 1,'2019-06-29'),
(5, 'grace@example.com', 'Øvre Hamburgersmauet 6, Bergen', '5018', 'Have a unique stay in the heart of Bergen in a very hostoric house.', 2880, 2, 6, 1, 160, 2, 1,'2021-07-11'),
(6, 'grace@example.com', 'Jens Zetlitz gate 33, Stavanger', '4008', 'A stylish and cool apartment with great ameneties, and with easy access to the city.', 859, 1, 2, 1, 70, 1, 1,'2022-03-17'),
(7, 'henry@example.com', 'Høgeveien 15, Stavanger', '4026', 'A Spacious and relaxing apartment with a great outside area.', 1800, 3, 5, 2, 120, 2, 1,'2018-11-22'),
(8, 'henry@example.com', 'Indre Løkkavei 2, Hønefoss', '3515', 'A nice place for the family to enjoy some time together.', 900, 1, 3, 1, 100, 2, 1,'2020-08-26'),
(9, 'emma@example.com', 'Moriangata 10','1767','A 1 person apartment in a peacefull bart of town.', 400, 1, 1, 1, 50, 1, 1,'2024-06-18'),
(10, 'alice@example.com', 'Strandvikvegen 553, Strandvik', '5643', 'Nice cabin in Bjørnafjord with good views of the fjord.', 560, 3, 7, 3, 220, 4, 1,'2020-08-29'),
(11, 'bob@example.com', 'Berknesvegen 222, Volda', '6105', 'Lovely vacation spot for the whole family. The property is by the sea and has a beautiful garden', 450, 3, 7, 1, 65, 1, 1,'2023-07-13'),
(12, 'alice@example.com', 'Sklibreivegen 10, Knowhere', '6975', 'Enjoy the relaxing, comforting and closed-off space Birdbox! Sleep right next to nature and its fantastic surroundings', 780, 1, 2, 1, 30, 1, 1,'2018-08-21'),
(13, 'bob@example.com', 'Soknaveien 60, Bru', '4158', 'Lovely space right by the ocean. Pier with fishing opportunities. Building and furniture made by the renowned architect Espen Surnevik', 1000, 2, 3, 1, 130, 1, 1,'2019-04-03'),
(14, 'henry@example.com', 'Furnesvegen 178B, Hamar', '2319', 'Lovely and family-friendly spot ready to make memories. The area is close to a local brewery that''s open every day', 600, 4, 8, 2, 200, 2, 1,'2019-11-18'),
(15, 'grace@example.com', 'Karsetgutua 5, Hamar', '2312', 'House on a farm that''s in daily use. Great hiking routes. Perfect for a weekend alone or with family. Not for parties or similar events', 730, 1, 2, 1, 30, 1, 1,'2020-06-19'),
(20, 'henry@example.com','Fjordgløtten 1, Drammen', '3041','Beautiful house with glamorous views of Drammen',500,2,2,2,175,2,1,'2020-01-08'),
(21, 'grace@example.com','Tangeodden 7, Steinberg','3053','Modern house close to the river in gorgeous Steinberg',600,2,2,2,185,3,1,'2018-07-10'),
(22, 'frank@example.com','Villaveien 3, Steinberg','3053','Comfy basement in lovely Steinberg',469,4,2,1,100,2,1,'2021-11-30'),
(23, 'alice@example.com','Halvorsveien 7, Steinberg','3053','Cute house in Steinberg',2000,1,1,1,50,1,1,'2023-10-08'),
(30, 'emma@example.com', 'Gudsgate 7, Vennesla', '10002', 'Comfy old cabin', 2600, 3, 4, 2, 200, 1, 1,'2023-12-13'),
(31, 'emma@example.com', 'Helvetesgate 69, Hell', '60009', 'Modern cabin by the lake', 799, 6, 9, 6, 1337, 9, 6,'2020-05-11'),
(40, 'alice@example.com', 'Mjogdalsvegen, Dovre', '2662', 'A lovely cabin in Dovre with a beautiful view', 665, 2, 5, 2, 100, 3, 1,'2024-01-14'),
(41, 'grace@example.com', 'Husabøvegen 10, Leikanger', '6863', 'Central apartment in Leikanger, renovated in 2016', 1200, 1, 2, 1, 80, 1, 1,'2024-02-28'),
(42, 'henry@example.com', 'Smørbukkstien 6, Stavanger', '4019', 'Welcome to the ideal base in which to explore Stavanger from', 800, 1, 2, 1, 65, 1, 1,'2024-07-03'),
(43, 'frank@example.com', 'Kjerranveien 15, Bjørvik', '8530', 'A neat house in a neat place, perfect for people to relax and enjoy life', 700, 2, 4, 1, 90, 2, 1,'2021-09-15'),
(50, 'henry@example.com', 'Enebakkveien 242, Oslo', '1187', 'Small house surrounded by nice landscape', 1900, 2, 3, 1, 70, 1, 1,'2021-05-24'),
(51, 'henry@example.com', 'Nedre Rømmesbakkan 2, Orkanger', '7300', 'Beautyful house close to sea', 800, 3, 3, 2, 200, 2, 1,'2024-12-01'),
(52, 'bob@example.com', 'Stugguvollbekkvegen 100, Tydal', '7590', 'Cozy cabin in the woods', 500, 155, 2, 3, 120, 20, 1,'2021-09-18'),
(53, 'henry@example.com', 'Bjerkerudveien 25, Nesodden', '1450', 'Cabin with a view', 900, 1, 2, 1, 80, 2, 1,'2025-01-01');


INSERT INTO Picture (PictureID, Filename) VALUES
(1, 'listing1pic1.jpg'),
(2, 'listing1pic2.jpg'),
(3, 'listing1pic3.jpg'),
(4, 'listing1pic4.jpg'),
(5, 'listing1pic5.jpg'),
(6, 'listing2pic1.jpg'),
(7, 'listing2pic2.jpg'),
(8, 'listing2pic3.jpg'),
(9, 'listing2pic4.jpg'),
(10, 'listing2pic5.jpg'),
(11, 'listing3pic1.jpg'),
(12, 'listing3pic2.jpg'),
(13, 'listing3pic3.jpg'),
(14, 'listing3pic4.jpg'),
(15, 'listing3pic5.jpg'),
(16, 'listing4pic1.jpg'),
(17, 'listing4pic2.jpg'),
(18, 'listing4pic3.jpg'),
(19, 'listing4pic4.jpg'),
(20, 'listing4pic5.jpg'),
(21, 'listing5pic1.jpg'),
(22, 'listing5pic2.jpg'),
(23, 'listing5pic3.jpg'),
(24, 'listing5pic4.jpg'),
(25, 'listing5pic5.jpg'),
(26, 'listing6pic1.jpg'),
(27, 'listing6pic2.jpg'),
(28, 'listing6pic3.jpg'),
(29, 'listing6pic4.jpg'),
(30, 'listing6pic5.jpg'),
(31, 'listing7pic1.jpg'),
(32, 'listing7pic2.jpg'),
(33, 'listing7pic3.jpg'),
(34, 'listing7pic4.jpg'),
(35, 'listing7pic5.jpg'),
(36, 'listing8pic1.jpg'),
(37, 'listing8pic2.jpg'),
(38, 'listing8pic3.jpg'),
(39, 'listing8pic4.jpg'),
(40, 'listing8pic5.jpg'),
(41, 'listing9pic1.jpg'),
(42, 'listing9pic2.jpg'),
(43, 'listing9pic3.jpg'),
(44, 'listing9pic4.jpg'),
(45, 'listing9pic5.jpg'),
(100, 'listing10pic1.jpg'),
(101, 'listing10pic2.jpg'),
(102, 'listing10pic3.jpg'),
(103, 'listing10pic4.jpg'),
(104, 'listing10pic5.jpg'),
(105, 'listing11pic1.jpg'),
(106, 'listing11pic2.jpg'),
(107, 'listing11pic3.jpg'),
(108, 'listing11pic4.jpg'),
(109, 'listing11pic5.jpg'),
(110, 'listing12pic1.jpg'),
(111, 'listing12pic2.jpg'),
(112, 'listing12pic3.jpg'),
(113, 'listing12pic4.jpg'),
(114, 'listing12pic5.jpg'),
(115, 'listing13pic1.jpg'),
(116, 'listing13pic2.jpg'),
(117, 'listing13pic3.jpg'),
(118, 'listing13pic4.jpg'),
(119, 'listing13pic5.jpg'),
(120, 'listing14pic1.jpg'),
(121, 'listing14pic2.jpg'),
(122, 'listing14pic3.jpg'),
(123, 'listing14pic4.jpg'),
(124, 'listing14pic5.jpg'),
(125, 'listing15pic1.jpg'),
(126, 'listing15pic2.jpg'),
(127, 'listing15pic3.jpg'),
(128, 'listing15pic4.jpg'),
(129, 'listing15pic5.jpg'),
(200,'listing20pic1.jpeg'),
(201,'listing20pic2.jpeg'),
(202,'listing20pic3.jpeg'),
(203,'listing20pic4.jpeg'),
(204,'listing20pic5.jpeg'),
(205,'listing21pic1.jpeg'),
(206,'listing21pic2.jpeg'),
(207,'listing21pic3.jpeg'),
(208,'listing21pic4.jpeg'),
(209,'listing21pic5.jpeg'),
(210,'listing22pic1.jpeg'),
(211,'listing22pic2.jpeg'),
(212,'listing22pic3.jpeg'),
(213,'listing22pic4.jpeg'),
(214,'listing22pic5.jpeg'),
(215,'listing23pic1.jpeg'),
(216,'listing23pic2.jpeg'),
(217,'listing23pic3.jpeg'),
(218,'listing23pic4.jpeg'),
(219,'listing23pic5.jpeg'),
(300, 'listing30pic1.png'),
(301, 'listing30pic2.png'),
(302, 'listing30pic3.png'),
(303, 'listing30pic4.png'),
(304, 'listing30pic5.png'),
(305, 'listing31pic1.png'),
(306, 'listing31pic2.png'),
(307, 'listing31pic3.png'),
(308, 'listing31pic4.png'),
(309, 'listing31pic5.png'),
(400,'listing40pic1.jpg'),
(401,'listing40pic2.jpg'),
(402,'listing40pic3.jpg'),
(403,'listing40pic4.jpg'),
(404,'listing40pic5.jpg'),
(405,'listing41pic1.jpg'),
(406,'listing41pic2.jpg'),
(407,'listing41pic3.jpg'),
(408,'listing41pic4.jpg'),
(409,'listing41pic5.jpg'),
(410,'listing42pic1.jpg'),
(411,'listing42pic2.jpg'),
(412,'listing42pic3.jpg'),
(413,'listing42pic4.jpg'),
(414,'listing42pic5.jpg'),
(415,'listing43pic1.jpg'),
(416,'listing43pic2.jpg'),
(417,'listing43pic3.jpg'),
(418,'listing43pic4.jpg'),
(419,'listing43pic5.jpg'),
(500, 'Listing50pic1.jpg'),
(501, 'Listing50pic2.jpg'),
(502, 'Listing50pic3.jpg'),
(503, 'Listing50pic4.jpg'),
(504, 'Listing50Pic5.jpg'),
(505, 'Listing51pic1.jpg'),
(506, 'Listing51pic2.jpg'),
(507, 'Listing51pic3.jpg'),
(508, 'Listing51pic4.jpg'),
(509, 'Listing51pic5.jpg'),
(510, 'Listing52pic1.jpg'),
(511, 'Listing52pic2.jpg'),
(512, 'Listing52pic3.jpg'),
(513, 'Listing52pic4.jpg'),
(514, 'Listing52pic5.jpg'),
(515, 'Listing53pic1.jpg'),
(516, 'Listing53pic2.jpg'),
(517, 'Listing53pic3.jpg'),
(518, 'Listing53pic4.jpg'),
(519, 'Listing53pic5.jpg');

INSERT INTO PropertyPicture (PropertyListingID, PictureID) VALUES
(1, 1),
(1, 2),
(1, 3),
(1, 4),
(1, 5),
(2, 6),
(2, 7),
(2, 8),
(2, 9),
(2, 10),
(3, 11),
(3, 12),
(3, 13),
(3, 14),
(3, 15),
(4, 16),
(4, 17),
(4, 18),
(4, 19),
(4, 20),
(5, 21),
(5, 22),
(5, 23),
(5, 24),
(5, 25),
(6, 26),
(6, 27),
(6, 28),
(6, 29),
(6, 30),
(7, 31),
(7, 32),
(7, 33),
(7, 34),
(7, 35),
(8, 36),
(8, 37),
(8, 38),
(8, 39),
(8, 40),
(9, 41),
(9, 42),
(9, 43),
(9, 44),
(9, 45),
(10, 100),
(10, 101),
(10, 102),
(10, 103),
(10, 104),
(11, 105),
(11, 106),
(11, 107),
(11, 108),
(11, 109),
(12, 110),
(12, 111),
(12, 112),
(12, 113),
(12, 114),
(13, 115),
(13, 116),
(13, 117),
(13, 118),
(13, 119),
(14, 120),
(14, 121),
(14, 122),
(14, 123),
(14, 124),
(15, 125),
(15, 126),
(15, 127),
(15, 128),
(15, 129),
(20, 200),
(20, 201),
(20, 202),
(20, 203),
(20, 204),
(21, 205),
(21, 206),
(21, 207),
(21, 208),
(21, 209),
(22, 210),
(22, 211),
(22, 212),
(22, 213),
(22, 214),
(23, 215),
(23, 216),
(23, 217),
(23, 218),
(23, 219),
(30, 300),
(30, 301),
(30, 302),
(30, 303),
(30, 304),
(31, 305),
(31, 306),
(31, 307),
(31, 308),
(31, 309),
(40, 400),
(40, 401),
(40, 402),
(40, 403),
(40, 404),
(41, 405),
(41, 406),
(41, 407),
(41, 408),
(41, 409),
(42, 410),
(42, 411),
(42, 412),
(42, 413),
(42, 414),
(43, 415),
(43, 416),
(43, 417),
(43, 418),
(43, 419),
(50, 500),
(50, 501),
(50, 502),
(50, 503),
(50, 504),
(51, 505),
(51, 506),
(51, 507),
(51, 508),
(51, 509),
(52, 510),
(52, 511),
(52, 512),
(52, 513),
(52, 514),
(53, 515),
(53, 516),
(53, 517),
(53, 518),
(53, 519);


INSERT INTO Tag (TagID, Name) VALUES
(1, 'apartment'),
(2, 'cabin'),
(3, 'house'),
(4, 'basement'),
(5, 'Wi-Fi'),
(6, 'Hot-tub'),
(7, 'Pet-friendly'),
(8, 'parking'),
(9, 'By the sea'),
(10, 'Mountain view');

INSERT INTO PropertyTag (PropertyListingID, TagID) VALUES
(1, 2), (1, 9), (1, 5),
(2, 1), (2, 7), (2, 5),(2, 8),
(3, 1), (3, 8), (3, 5),
(4, 1), (4, 8), (4, 5),
(5, 3), (5, 8), (5, 5),
(6, 1), (6, 8), (6, 5),
(7, 1), (7, 8), (7, 5),
(8, 3), (8, 8), (8, 5),
(9, 3), (9, 8), (9, 5),
(20, 3), (20, 8), (20, 5),
(21, 3), (21, 8), (21, 7),
(22, 4), (22, 8), (22, 5),
(23, 3), (23, 8), (23, 5),
(30, 2), (30, 8), (30, 10),
(31, 2), (31, 8), (31, 9),
(40, 2), (40, 8), (40, 6),
(41, 1), (41, 7), (41, 5),
(42, 1), (42, 8), (42, 5),
(43, 3), (43, 8), (43, 6),
(50, 3), (50, 8), (50, 10),
(51, 3), (51, 8), (51, 9),
(52, 2), (52, 8), (52, 10), (52, 6),
(53, 2), (53, 8), (53, 7),
(10, 2), (10, 8), (10, 9),
(11, 1), (11, 8), (11, 9),
(12, 2), (12, 8), (12, 10),
(13, 2), (13, 8), (13, 9),
(14, 2), (14, 8), (14, 6),
(15, 3), (15, 8), (15, 5);
